Name,Link
>Massachusetts Institute of Technology (MIT) <,https://www.mit.edu/
>Stanford University<,https://www.stanford.edu/
>Harvard University<,https://www.harvard.edu/
>California Institute of Technology (Caltech)<,https://www.caltech.edu/
>University of Chicago<,https://www.uchicago.edu/en
>University of Pennsylvania<,https://www.upenn.edu/
>Yale University<,https://www.yale.edu/
>Columbia University<,https://www.columbia.edu/
>Princeton University<,https://www.princeton.edu/
>Cornell University<,https://www.cornell.edu/
>University of Michigan-Ann Arbor<,https://umich.edu/
>Johns Hopkins University<,https://www.jhu.edu/
>Northwestern University<,https://www.northwestern.edu/
">University of California, Berkeley (UCB)<",https://www.berkeley.edu/
">University of California, Los Angeles (UCLA)<",https://www.ucla.edu/
>New York University (NYU)<,https://www.nyu.edu/
">University of California, San Diego (UCSD)<",https://ucsd.edu/
>Duke University<,https://duke.edu/
>Carnegie Mellon University<,https://www.cmu.edu/
>Brown University<,https://www.brown.edu/
>University of Texas at Austin<,https://www.utexas.edu/
>University of Wisconsin-Madison<,https://www.wisc.edu/
>University of Illinois at Urbana-Champaign<,https://illinois.edu/
>University of Washington<,https://www.washington.edu/
>Georgia Institute of Technology<,https://www.gatech.edu/
>Rice University<,https://www.rice.edu/
>Pennsylvania State University<,https://www.psu.edu/
>University of North Carolina at Chapel Hill<,https://www.unc.edu/
>Washington University in St. Louis<,https://wustl.edu/
">University of California, Davis<",https://www.ucdavis.edu/
>Boston University<,https://www.bu.edu/
>University of Southern California<,https://www.usc.edu/
>Purdue University<,https://www.purdue.edu/
>The Ohio State University<,https://www.osu.edu/
">University of California, Santa Barbara (UCSB)<",https://www.ucsb.edu/
>University of Rochester<,https://www.rochester.edu/
>Michigan State University<,https://msu.edu/
">University of Maryland, College Park<",https://www.umd.edu/
>Emory University<,https://www.emory.edu/home/index.html
>Case Western Reserve University<,https://case.edu/
>University of Pittsburgh<,https://www.pitt.edu/
>Texas A&M University<,https://www.tamu.edu/
>University of Florida<,https://www.ufl.edu/
>University of Minnesota Twin Cities<,https://twin-cities.umn.edu/
>Dartmouth College<,https://home.dartmouth.edu/
>Arizona State University<,https://www.asu.edu/
>Vanderbilt University<,https://www.vanderbilt.edu/
>University of Notre Dame<,https://www.nd.edu/
>University of Virginia<,https://www.virginia.edu/
">University of California, Irvine<",https://uci.edu/
>University of Massachusetts Amherst<,https://www.umass.edu/
>Georgetown University<,https://www.georgetown.edu/
>University of Colorado Boulder<,https://www.colorado.edu/
>Yeshiva University<,https://www.yu.edu/
>Rutgers University–New Brunswick<,https://newbrunswick.rutgers.edu/
>The University of Arizona<,https://www.arizona.edu/
>Tufts University<,https://www.tufts.edu/
>University of Illinois at Chicago (UIC)<,https://www.uic.edu/
>North Carolina State University<,https://www.ncsu.edu/
>Indiana University Bloomington<,https://www.indiana.edu/
>University of Miami<,https://welcome.miami.edu/
>University of Hawaiʻi at Mānoa<,https://manoa.hawaii.edu/
>Northeastern University<,https://www.northeastern.edu/
>Virginia Polytechnic Institute and State University<,https://www.vt.edu/
">University of California, Santa Cruz<",https://www.ucsc.edu/
>George Washington University<,https://www.gwu.edu/
>University of Utah<,https://www.utah.edu/
>University of Connecticut<,https://uconn.edu/
">Stony Brook University, State University of New York<",https://www.stonybrook.edu/
>University of Kansas<,https://www.ku.edu/
>University at Buffalo SUNY<,https://www.buffalo.edu/
">University of California, Riverside<",https://www.ucr.edu/
">University of Colorado, Denver <",https://www.ucdenver.edu/
>Washington State University<,https://wsu.edu/
>Wake Forest University<,https://www.wfu.edu/
>Colorado State University<,https://www.colostate.edu/
>Rensselaer Polytechnic Institute<,https://www.rpi.edu/
>Tulane University<,https://tulane.edu/
>Illinois Institute of Technology<,https://www.iit.edu/
>Brandeis University<,https://www.brandeis.edu/
>University of Iowa<,https://uiowa.edu/
>Colorado School of Mines<,https://www.mines.edu/
>Florida State University<,https://www.fsu.edu/
">University of Missouri, Columbia<",https://missouri.edu/
>University of Texas Dallas<,https://www.utdallas.edu/
>Boston College<,https://www.bc.edu/
>Iowa State University<,https://www.iastate.edu/
>Missouri University of Science and Technology<,https://www.mst.edu/
>Wayne State University<,https://wayne.edu/
>Lehigh University<,https://www1.lehigh.edu/
>Oregon State University<,https://oregonstate.edu/
>University of Delaware<,https://www.udel.edu/
>The University of Georgia<,https://www.uga.edu/
">The University of Tennessee, Knoxville<",https://www.utk.edu/
>The New School<,https://www.newschool.edu/
>University of Nebraska - Lincoln<,https://www.unl.edu/
>University of South Florida<,https://www.usf.edu/
>Clark University<,https://www.clarku.edu/
>Smith College<,https://www.smith.edu/
>University of Cincinnati<,https://www.uc.edu/
>University of South Carolina<,https://sc.edu/
>American University<,https://www.american.edu/
>College of William and Mary<,https://www.wm.edu/
>Drexel University<,https://drexel.edu/
>Howard University<,https://howard.edu/
>Michigan Technological University<,https://www.mtu.edu/
>Syracuse University<,https://www.syracuse.edu/
>University of Kentucky<,https://www.uky.edu/
>University of Massachusetts Boston<,https://www.umb.edu/
>University of New Mexico<,https://www.unm.edu/
>University of Oklahoma<,https://www.ou.edu/
>University of Oregon<,https://www.uoregon.edu/
>University of Vermont<,https://www.uvm.edu/
>City University of New York<,https://www.cuny.edu/
>New Jersey Institute of Technology (NJIT)<,https://www.njit.edu/
>Stevens Institute of Technology<,https://www.stevens.edu/
>University of Houston<,https://www.uh.edu/
>Virginia Commonwealth University<,https://www.vcu.edu/
>Clarkson University<,https://www.clarkson.edu/
>Georgia State University<,https://www.gsu.edu/
>Temple University<,https://www.temple.edu/
>University at Albany SUNY<,https://www.albany.edu/
>University of Central Florida<,https://www.ucf.edu/
>University of Denver<,https://www.du.edu/
">University of Maryland, Baltimore County<",https://umbc.edu/
>Worcester Polytechnic Institute<,https://www.wpi.edu/
>Auburn University<,https://www.auburn.edu/
>Binghamton University SUNY<,https://www.binghamton.edu/
>Clemson University<,https://www.clemson.edu/
>Florida International University<,https://www.fiu.edu/
>Fordham University <,https://www.fordham.edu/
>George Mason University<,https://www.gmu.edu/
>Indiana University–Purdue University Indianapolis<,https://www.iupui.edu/
>Kansas State University <,https://www.k-state.edu/
>Louisiana State University<,https://www.lsu.edu/
>Loyola University Chicago<,https://www.luc.edu/
>Oklahoma State University <,https://go.okstate.edu/
>Rutgers University–Newark<,https://www.newark.rutgers.edu/
>Seattle University<,https://www.seattleu.edu/
>Southern Methodist University<,https://www.smu.edu/
>Texas Tech University<,https://www.ttu.edu/
>The University of Alabama<,https://www.ua.edu/
>University of Hartford<,https://www.hartford.edu/
>University of Mississippi<,https://olemiss.edu/
">University of Missouri, Kansas City<",https://www.umkc.edu/
>University of New Hampshire<,https://www.unh.edu/
>University of Texas at San Antonio<,https://www.utsa.edu/
>University of Tulsa<,https://utulsa.edu/
>University of Wisconsin Milwaukee <,https://uwm.edu/
>University of Wyoming<,http://www.uwyo.edu/
>West Virginia University<,https://www.wvu.edu/
>Baylor University<,https://www.baylor.edu/
>Brigham Young University<,https://www.byu.edu/
>Florida Atlantic University - Boca Raton<,https://www.fau.edu/
>Kent State University<,https://www.kent.edu/
>Marquette University<,https://www.marquette.edu/
>Miami University<,https://miamioh.edu/
>Mississippi State University<,https://www.msstate.edu/
>Northern Arizona University<,https://nau.edu/
>Ohio University<,https://www.ohio.edu/
>Portland State University<,https://www.pdx.edu/
>Rochester Institute of Technology (RIT)<,https://www.rit.edu/
>San Diego State University<,https://www.sdsu.edu/
>The University of Texas at Arlington<,https://www.uta.edu/
>University of Arkansas Fayetteville <,https://www.uark.edu/
>University of Montana Missoula <,https://www.umt.edu/
>University of North Carolina at Charlotte<,https://www.charlotte.edu/
>University of North Texas<,https://www.unt.edu/
>University of Rhode Island <,https://www.uri.edu/
>University of San Diego<,https://www.sandiego.edu/
>University of San Francisco<,https://www.usfca.edu/
>University of South Alabama (USA)<,https://www.southalabama.edu/
>University of Texas El Paso <,https://www.utep.edu/
>University of the Pacific<,https://www.pacific.edu/
>Utah State University <,https://www.usu.edu/
>Western Michigan University<,https://wmich.edu/
>Indiana State University<,https://www.indstate.edu/
